{
    "Schulabschlüsse":[
     {
      "AB_ID": 1,
      "Abschlussname": "Hauptschulabschluss"
     },
     {
      "AB_ID": 2,
      "Abschlussname": "Mittlere Reife (Fachoberschulreife)"
     },
     {
      "AB_ID": 3,
      "Abschlussname": "Allgemeine Hochschulreife (Abitur)"
     },
     {
      "AB_ID": 4,
      "Abschlussname": "Berufsausbildung"
     },
     {
      "AB_ID": 5,
      "Abschlussname": "Meister"
     },
     {
      "AB_ID": 6,
      "Abschlussname": "Fachwirt"
     },
     {
      "AB_ID": 7,
      "Abschlussname": "Hochschulabschluss (Bachelor or Master)"
     },
     {
      "AB_ID": 8,
      "Abschlussname": "gar keinen"
     }
    ],
    "Bildungsgänge":[
     {
      "B_ID": 1,
      "Bildungsgang": "Staatlich geprüfte Informations­tech­nische Assistenten",
      "Column3": "VOLLZEIT"
     },
     {
      "B_ID": 2,
      "Bildungsgang": "Berufsfachschule 2-Wirtschaft und Verwaltung",
      "Column3": "VOLLZEIT"
     },
     {
      "B_ID": 3,
      "Bildungsgang": "Berufsfachschule Ingenieurtechnik ",
      "Column3": "VOLLZEIT"
     },
     {
      "B_ID": 4,
      "Bildungsgang": "Staatlich geprüfte Maschinen­bau­technische Assistenten ",
      "Column3": "VOLLZEIT"
     },
     {
      "B_ID": 5,
      "Bildungsgang": "Berufsfachschule 2–Technik\/Natur-wissenschaften",
      "Column3": "VOLLZEIT"
     },
     {
      "B_ID": 6,
      "Bildungsgang": "Staatlich geprüfte biologisch-technische Assistenten",
      "Column3": "VOLLZEIT"
     },
     {
      "B_ID": 7,
      "Bildungsgang": "Fachoberschule–Ernährung und Hauswirtschaft",
      "Column3": "VOLLZEIT"
     },
     {
      "B_ID": 8,
      "Bildungsgang": "Berufsfachschule–Wirtschaft und Verwaltung (Höhere Handelsschule)",
      "Column3": "VOLLZEIT"
     },
     {
      "B_ID": 9,
      "Bildungsgang": "Berufsfachschule 2–Ernährungs- und Versorgungsmanagement",
      "Column3": "VOLLZEIT"
     },
     {
      "B_ID": 10,
      "Bildungsgang": "Berufsfachschule 1–Ernährungs- und Versorgungsmanagement",
      "Column3": "VOLLZEIT"
     },
     {
      "B_ID": 11,
      "Bildungsgang": "Berufliches Gymnasium–Wirtschaft und Verwaltung",
      "Column3": "VOLLZEIT"
     },
     {
      "B_ID": 12,
      "Bildungsgang": "Berufliches Gymnasium–Technik",
      "Column3": "VOLLZEIT"
     },
     {
      "B_ID": 13,
      "Bildungsgang": "Ausbildungs­vorbereitung",
      "Column3": "VOLLZEIT"
     },
     {
      "B_ID": 14,
      "Bildungsgang": "Arbeitsmarkt­qualifikation",
      "Column3": "VOLLZEIT"
     },
     {
      "B_ID": 15,
      "Bildungsgang": "Berufsfachschule 1–Technik \/ Naturwissen-schaften",
      "Column3": "VOLLZEIT"
     },
     {
      "B_ID": 16,
      "Bildungsgang": "Kfz-Mechatroniker\/in",
      "Column3": "BERUFSSCHULKLASSEN (DUAL-SYSTEM)"
     },
     {
      "B_ID": 17,
      "Bildungsgang": "Einzelhandelskauf­leute",
      "Column3": "BERUFSSCHULKLASSEN (DUAL-SYSTEM)"
     },
     {
      "B_ID": 18,
      "Bildungsgang": "Industriekaufleute",
      "Column3": "BERUFSSCHULKLASSEN (DUAL-SYSTEM)"
     },
     {
      "B_ID": 19,
      "Bildungsgang": "Spedition und Logistikdienst-leistung",
      "Column3": "BERUFSSCHULKLASSEN (DUAL-SYSTEM)"
     },
     {
      "B_ID": 20,
      "Bildungsgang": "Verkäufer\/-innen im Einzelhandel",
      "Column3": "BERUFSSCHULKLASSEN (DUAL-SYSTEM)"
     },
     {
      "B_ID": 21,
      "Bildungsgang": "Kaufleute für Büromanagement",
      "Column3": "BERUFSSCHULKLASSEN (DUAL-SYSTEM)"
     },
     {
      "B_ID": 22,
      "Bildungsgang": "Großhandelskauf­leute",
      "Column3": "BERUFSSCHULKLASSEN (DUAL-SYSTEM)"
     },
     {
      "B_ID": 23,
      "Bildungsgang": "Automobilkauf­leute",
      "Column3": "BERUFSSCHULKLASSEN (DUAL-SYSTEM)"
     },
     {
      "B_ID": 24,
      "Bildungsgang": "IT-Berufe",
      "Column3": "BERUFSSCHULKLASSEN (DUAL-SYSTEM)"
     },
     {
      "B_ID": 25,
      "Bildungsgang": "Kaufmann\/Kauffrau für IT-System-Management",
      "Column3": "BERUFSSCHULKLASSEN (DUAL-SYSTEM)"
     },
     {
      "B_ID": 26,
      "Bildungsgang": "Kauffrau\/Kaufmann für Digitalisierungs­management",
      "Column3": "BERUFSSCHULKLASSEN (DUAL-SYSTEM)"
     },
     {
      "B_ID": 27,
      "Bildungsgang": "IT-System-Elektronikerin\/ Elektroniker",
      "Column3": "BERUFSSCHULKLASSEN (DUAL-SYSTEM)"
     },
     {
      "B_ID": 28,
      "Bildungsgang": "Anwendungs­entwickler",
      "Column3": "BERUFSSCHULKLASSEN (DUAL-SYSTEM)"
     },
     {
      "B_ID": 29,
      "Bildungsgang": "Systemintegration",
      "Column3": "BERUFSSCHULKLASSEN (DUAL-SYSTEM)"
     },
     {
      "B_ID": 30,
      "Bildungsgang": "Fachschule für Wirtschaft – Schwerpunkt Logistik mit dem Zusatzfach Personalwirtschaft",
      "Column3": "BERUFLICHE WEITERBILDUNG"
     }
    ],
    "Interessen":[
     {
      "I_ID": 1,
      "Name": "Keine"
     },
     {
      "I_ID": 2,
      "Name": "Sport"
     },
     {
      "I_ID": 3,
      "Name": "Computer"
     },
     {
      "I_ID": 4,
      "Name": "Finanzen"
     },
     {
      "I_ID": 5,
      "Name": "Mathe"
     },
     {
      "I_ID": 6,
      "Name": "Handwerk"
     },
     {
      "I_ID": 7,
      "Name": "Kochen"
     },
     {
      "I_ID": 8,
      "Name": "Pflanzenkunde"
     },
     {
      "I_ID": 9,
      "Name": "Versorgungsmanagement"
     },
     {
      "I_ID": 10,
      "Name": "Hochschulabschluss"
     },
     {
      "I_ID": 11,
      "Name": "Technik"
     },
     {
      "I_ID": 12,
      "Name": "Mechatronik"
     },
     {
      "I_ID": 13,
      "Name": "Einzelhandel"
     },
     {
      "I_ID": 14,
      "Name": "Industriehandel"
     },
     {
      "I_ID": 15,
      "Name": "Logistik & Organisation"
     },
     {
      "I_ID": 16,
      "Name": "Büromanagement"
     },
     {
      "I_ID": 17,
      "Name": "Großhandel"
     },
     {
      "I_ID": 18,
      "Name": "Autokäufer"
     },
     {
      "I_ID": 19,
      "Name": "IT"
     },
     {
      "I_ID": 20,
      "Name": "Kaufenmann für IT System management"
     },
     {
      "I_ID": 21,
      "Name": "Kaufenmann für Digitalisierungsmanagement"
     },
     {
      "I_ID": 22,
      "Name": "Programmieren"
     },
     {
      "I_ID": 23,
      "Name": "Ernährung"
     },
     {
      "I_ID": 24,
      "Name": "PC Kabel anstecken"
     }
    ]
    }